<?xml version="1.0"?>
<doc>
    <assembly>
        <name>CovHealApi</name>
    </assembly>
    <members>
        <member name="M:CoVHealApi.Controllers.CovHealCommonController.Get(System.String)">
            <summary>
            This method is use to generate
            </summary>
            <param name=""></param>
            <returns></returns>
        </member>
        <member name="M:CoVHealApi.Controllers.CovHealCommonController.VerifyOTP(CoVHealApi.Model.VerifyOTPRequest)">
            <summary>
            This method is use to generate
            </summary>
            <param name=""></param>
            <returns></returns>
        </member>
        <member name="M:CoVHealApi.Controllers.FacilityInfoController.Get">
            <summary>
            This method is use to get all Facility Types
            </summary>
            <param name=""></param>
            <returns></returns>
        </member>
        <member name="M:CoVHealApi.Controllers.FacilityInfoController.Post(CoVHealApi.Model.FacilityCenterAddRequest,System.String)">
            <summary>
            This method is use to get all Facility Types
            </summary>
            <param name=""></param>
            <returns></returns>
        </member>
        <member name="M:CoVHealApi.Controllers.FacilityInfoController.GetFacilityDetail(System.Int64)">
            <summary>
            This method is use to get all Facility Types
            </summary>
            <param name=""></param>
            <returns></returns>
        </member>
        <member name="M:CoVHealApi.Controllers.FacilityInfoController.GetRecognitionDetail(System.Int64)">
            <summary>
            This method is use to get all Facility Types
            </summary>
            <param name=""></param>
            <returns></returns>
        </member>
        <member name="M:CoVHealApi.Controllers.FacilityInfoController.GetServiceDetails(System.Int64)">
            <summary>
            This method is use to get all Facility Types
            </summary>
            <param name=""></param>
            <returns></returns>
        </member>
        <member name="M:CoVHealApi.Controllers.FacilityInfoController.Put(CoVHealApi.Model.FacilityCenterUpdateRequest)">
            <summary>
            This method is use to get all Facility Types
            </summary>
            <param name=""></param>
            <returns></returns>
        </member>
        <member name="M:CoVHealApi.Controllers.FacilityInfoController.PutFacilityRecognition(System.Collections.Generic.List{CoVHealApi.Model.FacilityRecognitionUpdate},System.Int64,System.Int64)">
            <summary>
            This method is use to update Facility Recognition
            </summary>
            <param name=""></param>
            <returns></returns>
        </member>
        <member name="M:CoVHealApi.Controllers.FacilityInfoController.PutFacilityServices(System.Collections.Generic.List{CoVHealApi.Model.FacilityServiceUpdate},System.Int64,System.Int64)">
            <summary>
            This method is use to updateFacilityCenter
            </summary>
            <param name=""></param>
            <returns></returns>
        </member>
        <member name="M:CoVHealApi.Controllers.FacilityInfoController.GetAllFacilityCenters">
            <summary>
            This method is use to get all Facility Centers
            </summary>
            <param name=""></param>
            <returns></returns>
        </member>
        <member name="M:CoVHealApi.Controllers.FacilityInfoController.ApproveFacilityCenter(System.Int64,System.String)">
            <summary>
            This method is use to approve/reject Facility Center request
            </summary>
            <param name=""></param>
            <returns></returns>
        </member>
        <member name="M:CoVHealApi.Controllers.FacilityInfoController.FacilityCenterInactivate(System.Int64,System.Boolean)">
            <summary>
            This method is use to inactivate Facility Center
            </summary>
            <param name=""></param>
            <returns></returns>
        </member>
        <member name="M:CoVHealApi.Controllers.FacilityInfoController.FacilityCenterGet(CoVHealApi.Model.FacilityCenterSearchRequest)">
            <summary>
            This method is use to get FacilityCenters list as per user search
            </summary>
            <param name=""></param>
            <returns></returns>
        </member>
        <member name="M:CoVHealApi.Controllers.UserController.Get">
            <summary>
            This method is use to get all users
            </summary>
            <param name=""></param>
            <returns></returns>
        </member>
        <member name="M:CoVHealApi.Controllers.UserController.Put(System.Int64,System.Boolean)">
            <summary>
            This method is use inactivate user
            </summary>
            <param name=""></param>
            <returns></returns>
        </member>
        <member name="M:CoVHealApi.Controllers.UserController.CheckLogin(CoVHealApi.Model.LoginRequest)">
            <summary>
            This method is use to login
            </summary>
            <param name=""></param>
            <returns></returns>
        </member>
        <member name="M:CoVHealApi.Controllers.UserController.Register(CoVHealApi.Model.UserRegister)">
            <summary>
            This method is use to register covheal user
            </summary>
            <param name=""></param>
            <returns></returns>
        </member>
        <member name="M:CoVHealApi.Controllers.UserController.UpdateUser(CoVHealApi.Model.UserUpdateRequest)">
            <summary>
            This method is use to update covheal user details
            </summary>
            <param name=""></param>
            <returns></returns>
        </member>
    </members>
</doc>
